fish_id	month	origin	length	mass	body_depth	kidney_depth	KB_ratio	qPCR_ddCt	qPCR_sqrt	haematocrit	leukocrit	lymphocyte_count	monocyte_count	granulocyte_count	thrombocyte_count	lymphocyte_concentration_sqrt	monocyte_concentration_sqrt	granulocyte_concentration_sqrt	thrombocyte_concentration_sqrt	SMR_1	SMR_2	SMR_3	MMR_1	MMR_2	MMR_3	SMR_mean	MMR_mean	AS	SMR_std	MMR_std	AS_std	UTT_trial	UTT_temperature	UTT_rank	UTT_degree_sec	UTT_degree_sec_centered
1	july	mustoja	49	0.95	4.54	0.49	0.107929515418502	0.0271703849	0.164834416612551	0.3278251599	NA	NA	NA	NA	NA	NA	NA	NA	NA	1.07518723415147e-07	1.10611265520824e-07	1.09345213589791e-07	5.82184108820546e-07	5.402478373482e-07	NA	1.09158400841921e-07	5.61215973084373e-07	4.52057572242452e-07	1.02069173364622e-07	4.65401669955426e-07	3.58874073246971e-07	NA	NA	NA	NA	NA
2	july	mustoja	50.5	1.25	4.7	1.24	0.263829787234043	0.2839405957	0.532860765772824	0.2121495327	NA	NA	NA	NA	NA	NA	NA	NA	NA	1.13224122105011e-07	1.07614412395519e-07	1.0958035276982e-07	5.3501745625648e-07	5.34679692710864e-07	NA	1.10139629090117e-07	5.34848574483672e-07	4.24708945393555e-07	8.14020607857869e-08	3.64800949695013e-07	2.81348489673528e-07	NA	NA	NA	NA	NA
6	july	mustoja	54	1.4	4.74	0.72	0.151898734177215	0.1189029549	0.344823077678974	0.2852628592	NA	NA	NA	NA	NA	NA	NA	NA	NA	1.88417821464654e-07	1.91148533498814e-07	1.81694910150162e-07	5.57844867723423e-07	6.23869984917742e-07	NA	1.8708708837121e-07	5.90857426320583e-07	4.03770337949373e-07	1.25474237970158e-07	3.71757379287017e-07	2.48217115468629e-07	NA	NA	NA	NA	NA
8	july	vainupea	51	1.1	4.68	0.49	0.104700854700855	8.51148890785032e-06	0.00291744561352055	0.2948407732	NA	NA	NA	NA	NA	NA	NA	NA	NA	1.22361270846094e-07	1.26893450476785e-07	1.25914934331389e-07	6.52284194893639e-07	7.39007960070911e-07	6.49922068993869e-07	1.25056551884756e-07	6.80404741319473e-07	5.55348189434717e-07	1.03128318531322e-07	5.083073745371e-07	4.00247253926596e-07	NA	NA	NA	NA	NA
9	july	vainupea	42	0.45	3.54	0.35	0.0988700564971751	0.1659849588	0.407412516744393	0.2916666667	NA	NA	NA	NA	NA	NA	NA	NA	NA	6.89753293623204e-08	8.80325849105684e-08	9.95977170188561e-08	3.382635487301e-07	3.96631931003407e-07	3.19831428012214e-07	8.55352104305816e-08	3.5157563591524e-07	2.66040425484659e-07	1.51738657997486e-07	4.9636534969811e-07	3.45691332100228e-07	NA	NA	NA	NA	NA
10	july	vainupea	64	3.35	6.49	0.72	0.110939907550077	9.12281671820962e-06	0.00302040009240657	0.3454037764	NA	NA	NA	NA	NA	NA	NA	NA	NA	2.80993247724769e-07	3.0415576809694e-07	2.50685114815186e-07	1.44497128654397e-06	1.46052254702696e-06	1.35231169283286e-06	2.78611376878965e-07	1.41926850880126e-06	1.1406571319223e-06	8.84644398580533e-08	4.79749288033318e-07	3.94441994615386e-07	NA	NA	NA	NA	NA
11	july	vainupea	44	0.65	3.75	0.37	0.0986666666666667	0.1976916795	0.444625324852285	0.2781186094	NA	NA	NA	NA	NA	NA	NA	NA	NA	1.02204629476319e-07	7.69245489892488e-08	9.19947157524652e-08	4.57827026502009e-07	3.94561181829369e-07	4.36058133711423e-07	9.0374631406011e-08	4.29482114014267e-07	3.39107482608256e-07	1.16985046794386e-07	4.66664311609944e-07	3.45753526161502e-07	NA	NA	NA	NA	NA
12	july	vainupea	54.5	1.6	5.15	0.61	0.118446601941748	0.0683428421	0.261424639427886	0.266313933	NA	NA	NA	NA	NA	NA	NA	NA	NA	2.37230021034017e-07	1.98400514508772e-07	2.44889629254852e-07	7.40817846303638e-07	8.28110603813908e-07	8.57208189650665e-07	2.26840054932547e-07	8.0871221325607e-07	5.81872158323523e-07	1.35684422038244e-07	4.62673643469303e-07	3.27554243496218e-07	NA	NA	NA	NA	NA
13	july	vainupea	52	2.2	5.49	0.76	0.138433515482696	8.51148890785032e-06	0.00291744561352055	0.2741121067	NA	NA	NA	NA	NA	NA	NA	NA	NA	3.1772807068789e-07	3.06142311345562e-07	2.98820469314951e-07	1.02766716406059e-06	1.02568197314483e-06	1.04487215199721e-06	3.07563617116134e-07	1.03274042973421e-06	7.25176812618076e-07	1.40028500332407e-07	4.70962584108432e-07	3.30901351160418e-07	NA	NA	NA	NA	NA
14	july	vainupea	52.5	1.25	5.17	0.45	0.0870406189555126	0.2980648838	0.545953188286322	0.3312865497	NA	NA	NA	NA	NA	NA	NA	NA	NA	1.89261496744457e-07	1.96891368533494e-07	2.10344799702015e-07	8.0165993919817e-07	8.25218375698537e-07	8.00650291919583e-07	1.98832554993322e-07	8.09176202272097e-07	6.10343647278775e-07	1.46953279772867e-07	5.51909944500519e-07	4.04322219266168e-07	NA	NA	NA	NA	NA
15	july	mustoja	66.5	3.15	6.39	0.88	0.137715179968701	1.4478089832	1.20324934373554	0.2744445827	NA	NA	NA	NA	NA	NA	NA	NA	NA	3.70374804200255e-07	4.10168011953616e-07	4.09874775765723e-07	1.25420194707539e-06	1.22455717378088e-06	1.24540624510889e-06	3.96805863973198e-07	1.24138845532172e-06	8.44582591348522e-07	1.32818897377634e-07	4.38424657237108e-07	3.04158203403521e-07	NA	NA	NA	NA	NA
16	july	mustoja	65	2.4	5.95	0.75	0.126050420168067	0.347342731	0.589357897206782	0.3240754698	NA	NA	NA	NA	NA	NA	NA	NA	NA	2.64366877864086e-07	2.64168175115345e-07	2.81692150632337e-07	1.05782963662736e-06	1.10043345277626e-06	1.2150344155954e-06	2.70075734537256e-07	1.12443250166634e-06	8.54356767129084e-07	1.1412514186386e-07	4.81969252963073e-07	3.68107752829564e-07	NA	NA	NA	NA	NA
17	july	mustoja	55	1.75	5.39	1.02	0.189239332096475	0.0788473183	0.280797646535722	0.2835051546	NA	NA	NA	NA	NA	NA	NA	NA	NA	1.76005447845827e-07	1.76191228909011e-07	1.80009581015829e-07	7.81930082824023e-07	7.59875644590526e-07	7.71237021862328e-07	1.77402085923556e-07	7.71014249758959e-07	5.93612163835403e-07	9.82687067467268e-08	4.13837229052199e-07	3.14988489239342e-07	NA	NA	NA	NA	NA
18	july	vainupea	57.5	2.07	5.88	0.67	0.113945578231293	1.1857319381	1.08891319125998	0.0371747212	NA	NA	NA	NA	NA	NA	NA	NA	NA	1.6067496662622e-07	1.5987366391941e-07	1.53848107300488e-07	6.96375285677062e-07	6.21953499421497e-07	5.29028494330416e-07	1.58132245948706e-07	6.15785759809658e-07	4.57653513860952e-07	7.58529036481066e-08	2.9326592908811e-07	2.17387671171921e-07	NA	NA	NA	NA	NA
19	july	vainupea	48.5	1.25	4.69	0.66	0.140724946695096	1.9497540295	1.3963359300326	0.1229508197	NA	NA	NA	NA	NA	NA	NA	NA	NA	1.29190692658711e-07	1.11078649915782e-07	1.06186462865721e-07	4.74377210474905e-07	4.91572120023036e-07	4.3459290995178e-07	1.15485268480071e-07	4.6684741348324e-07	3.51362145003169e-07	8.53529190386683e-08	3.18419806887876e-07	2.32759893327627e-07	NA	NA	NA	NA	NA
20	july	vainupea	56.5	1.75	4.47	0.53	0.118568232662192	0.0001001274	0.0100063679724463	0.2701530612	NA	NA	NA	NA	NA	NA	NA	NA	NA	2.31428287855948e-07	2.20805279143394e-07	2.39705704973665e-07	6.9705391144056e-07	7.28130619860491e-07	7.41831104217664e-07	2.30646423991002e-07	7.22338545172905e-07	4.91692121181903e-07	1.27762453769116e-07	3.87710839411083e-07	2.60906645546635e-07	NA	NA	NA	NA	NA
21	july	vainupea	47	1.25	4.97	0.89	0.17907444668008	0.494425451	0.703153931227011	0.1101928375	NA	NA	NA	NA	NA	NA	NA	NA	NA	1.57723092593039e-07	1.57917845240105e-07	1.65271824957549e-07	4.3796446084357e-07	4.28861273435735e-07	4.05260417193202e-07	1.60304254263564e-07	4.24028717157502e-07	2.63724462893938e-07	1.18477760980165e-07	2.89214716270572e-07	1.74704300745105e-07	NA	NA	NA	NA	NA
22	july	mustoja	53	1.75	5.62	0.96	0.170818505338078	0.1146285706	0.338568413470601	0.2441503868	NA	NA	NA	NA	NA	NA	NA	NA	NA	2.29946497619168e-07	2.1982080117354e-07	2.14842288521954e-07	5.46682741666711e-07	5.27635726828689e-07	4.79229421065314e-07	2.21536529104887e-07	5.17849296520238e-07	2.96312767415351e-07	1.22716190731133e-07	2.77952473648268e-07	1.57232477089822e-07	NA	NA	NA	NA	NA
23	july	mustoja	73	4	7.4	1.27	0.171621621621622	0.2603681071	0.510262782397462	0.3555917376	NA	NA	NA	NA	NA	NA	NA	NA	NA	4.79786973685037e-07	4.53830292567572e-07	4.91837561635968e-07	1.56391710739644e-06	1.51806101833397e-06	1.54243208664689e-06	4.75151609296192e-07	1.54147007079243e-06	1.06631846149624e-06	1.29597972935859e-07	4.59242694038513e-07	3.28041501197733e-07	NA	NA	NA	NA	NA
24	july	mustoja	59.5	2.15	5.6	0.87	0.155357142857143	0.2122190365	0.46067237436165	0.351943386	NA	NA	NA	NA	NA	NA	NA	NA	NA	2.71394626172941e-07	2.8820469524566e-07	2.8375223798515e-07	7.22242843076479e-07	8.30396801203688e-07	8.54283564961845e-07	2.81117186467917e-07	8.02307736414004e-07	5.21190549946087e-07	1.30534585655554e-07	3.7191696000875e-07	2.4145436671265e-07	NA	NA	NA	NA	NA
25	july	mustoja	67	3.2	5.46	0.81	0.148351648351648	7.6798285277	2.77125035456922	0.3128282645	NA	NA	NA	NA	NA	NA	NA	NA	NA	3.97084664484065e-07	3.6182423484993e-07	4.05954865038407e-07	1.08998913734703e-06	9.79004874631191e-07	1.17558697046804e-06	3.88287921457467e-07	1.08152699414875e-06	6.93239072691286e-07	1.28225416192415e-07	3.77706335319444e-07	2.47075860243904e-07	NA	NA	NA	NA	NA
26	july	mustoja	60	2.05	5.56	0.9	0.161870503597122	0.267595457	0.517296295173279	0.2487093903	NA	NA	NA	NA	NA	NA	NA	NA	NA	3.23030803890106e-07	3.23340441967241e-07	3.15156279799265e-07	7.98661066969444e-07	8.44526746221122e-07	8.70783185792735e-07	3.20509175218871e-07	8.37990332994434e-07	5.17481157775563e-07	1.55026473159453e-07	4.01858854393127e-07	2.47384866446381e-07	NA	NA	NA	NA	NA
27	july	mustoja	62	2.25	5.34	0.64	0.119850187265918	1.0189761922	1.00944350619537	0.3659784872	NA	NA	NA	NA	NA	NA	NA	NA	NA	3.71276456866713e-07	3.70337326334862e-07	3.56300067718094e-07	9.52419671385952e-07	9.14336130979352e-07	9.38510900107019e-07	3.6597128363989e-07	9.35088900824108e-07	5.69117617184218e-07	1.63442151226504e-07	4.19660540696243e-07	2.55870799528792e-07	NA	NA	NA	NA	NA
28	july	mustoja	62	2.75	6.29	1.26	0.200317965023847	0.987395558	0.993677793854728	0.229020979	NA	NA	NA	NA	NA	NA	NA	NA	NA	4.09067076007327e-07	4.01309643850057e-07	NA	7.8693795974863e-07	9.65787496055136e-07	9.39862517397862e-07	4.05188359928692e-07	8.97529324400543e-07	4.92340964471851e-07	1.52364645801937e-07	3.49167751977201e-07	1.93916686775329e-07	NA	NA	NA	NA	NA
29	september	vainupea	59	2.4	5.393	2.724	0.505099202670128	3.1904711574	1.7861890038291	0.1929824561	0.0157894737	NA	NA	NA	NA	NA	NA	NA	NA	NA	NA	NA	NA	NA	NA	NA	NA	NA	NA	NA	NA	NA	NA	NA	NA	NA
30	september	vainupea	69.5	3.15	5.865	0.88	0.150042625745951	0.1351641876	0.36764682454769	0.3037735849	0.0132075472	NA	NA	NA	NA	NA	NA	NA	NA	NA	NA	NA	NA	NA	NA	NA	NA	NA	NA	NA	NA	utt_01	30.3	10	11799.9964824278	1868.49754885465
31	september	vainupea	69	3.05	5.857	0.706	0.120539525354277	0.250676139	0.500675682453222	0.2723735409	NA	NA	NA	NA	NA	NA	NA	NA	NA	NA	NA	NA	NA	NA	NA	NA	NA	NA	NA	NA	NA	utt_01	30	8	11031.4519037584	1099.95297018525
32	september	vainupea	51	1.2	3.926	1.692	0.430973000509424	7.0272332724	2.65089291982909	0.0953846154	NA	NA	NA	NA	NA	NA	NA	NA	NA	NA	NA	NA	NA	NA	NA	NA	NA	NA	NA	NA	NA	utt_01	27.8	1	6390.3600187825	-3541.13891479065
33	september	vainupea	65	2.45	5.685	0.587	0.10325417766051	0.0054488416	0.0738162692094365	0.2882882883	0.0018018018	NA	NA	NA	NA	NA	NA	NA	NA	NA	NA	NA	NA	NA	NA	NA	NA	NA	NA	NA	NA	utt_01	30	7	11031.4519037584	1099.95297018525
34	september	vainupea	60	2.2	4.808	2.691	0.559692179700499	4.0891603587	2.02216724300934	0.1553827501	0.024429324	NA	NA	NA	NA	NA	NA	NA	NA	NA	NA	NA	NA	NA	NA	NA	NA	NA	NA	NA	NA	utt_01	28.1	2	7032.6075119308	-2898.89142164235
35	september	vainupea	60	2	5.266	0.891	0.169198632738321	0.0154559985	0.124322156110647	0.2930728242	0.0177619893	NA	NA	NA	NA	NA	NA	NA	NA	NA	NA	NA	NA	NA	NA	NA	NA	NA	NA	NA	NA	utt_01	30.1	9	11299.9326531461	1368.43371957295
36	september	vainupea	64.5	2.95	5.413	3.567	0.658969148346573	2.9990229075	1.73176872228944	0.1762282955	NA	NA	NA	NA	NA	NA	NA	NA	NA	NA	NA	NA	NA	NA	NA	NA	NA	NA	NA	NA	NA	utt_01	28.9	3	8430.44443352	-1501.05450005315
37	september	vainupea	56	1.55	4.006	1.581	0.394658012980529	1.9982812055	1.41360574613292	0.1737528345	0.033824641	NA	NA	NA	NA	NA	NA	NA	NA	NA	NA	NA	NA	NA	NA	NA	NA	NA	NA	NA	NA	utt_01	29.2	4	9111.1156537637	-820.383279809446
38	september	vainupea	62.8	2.8	5.714	0.736	0.128806440322016	1.1452935821	1.07018390106561	0.2178283964	NA	82	4	32	10	4.22633748117682	0.933441795507358	2.6401720937848	1.47590106850019	NA	NA	NA	NA	NA	NA	NA	NA	NA	NA	NA	NA	utt_01	30.3	11	12067.7115997265	2136.21266615335
39	september	vainupea	68	3.3	6.125	2.742	0.447673469387755	2.2331052768	1.49435781417972	0.2362637363	NA	184	4	103	188	6.59336996377422	0.972139365111814	4.9330685013387	6.66465171065976	NA	NA	NA	NA	NA	NA	NA	NA	NA	NA	NA	NA	utt_01	29.8	5	10347.0640853371	415.565151763954
40	september	vainupea	64	2.6	5.808	1.144	0.196969696969697	2.8889320615	1.6996858714186	0.387037037	NA	22	7	131	48	2.91801556095919	1.64598276388302	7.12052328463295	4.31019463319233	NA	NA	NA	NA	NA	NA	NA	NA	NA	NA	NA	NA	utt_03	30	9	9959.5494724887	991.017692009013
41	september	vainupea	63	2.65	5.726	1.431	0.249912679008034	0.4418459585	0.664714945296102	0.318275154	NA	91	7	47	1	5.38173197158684	1.49262389033541	3.86767788705316	0.564158802111604	NA	NA	NA	NA	NA	NA	NA	NA	NA	NA	NA	NA	utt_03	29.9	7	9734.3426341365	765.810853656812
42	september	vainupea	57	1.8	5.063	1.579	0.311870432549872	0.1973044273	0.444189629887957	0.2689530686	0.0270758123	171	0	146	302	6.78166459879873	0	6.26635045425964	9.01242623920995	NA	NA	NA	NA	NA	NA	NA	NA	NA	NA	NA	NA	utt_03	29	3	8016.8096034012	-951.722177078487
43	september	vainupea	67.5	2.8	5.622	0.865	0.153859836357168	0.0584434997	0.241750904238226	0.2507665094	0.0109375	NA	NA	NA	NA	NA	NA	NA	NA	NA	NA	NA	NA	NA	NA	NA	NA	NA	NA	NA	NA	utt_03	29.9	8	9734.3426341365	765.810853656812
44	september	vainupea	57.5	2	4.802	2.723	0.567055393586006	1.0215253741	1.01070538442219	0.2744821092	0.0229217111	114	3	197	440	5.59383235794567	0.907439434673191	7.35343290663619	10.9896373028413	NA	NA	NA	NA	NA	NA	NA	NA	NA	NA	NA	NA	utt_03	29.3	4	8618.6218406818	-349.909939797886
45	september	vainupea	61	2.5	5.469	2.248	0.411044066556957	0.7894758443	0.888524532188054	0.279467713	0.0404347579	267	6	219	34	8.63816412040197	1.29491554859767	7.82326205281403	3.08251557043918	NA	NA	NA	NA	NA	NA	NA	NA	NA	NA	NA	NA	utt_03	29.5	5	8997.6072012334	29.0754207537138
46	september	vainupea	59	2.35	5.017	2.819	0.561889575443492	2.329484498	1.5262648846121	0.2201213332	NA	98	3	302	145	4.6445549467737	0.812627835851074	8.15332095691075	5.64956576331314	NA	NA	NA	NA	NA	NA	NA	NA	NA	NA	NA	NA	utt_03	28.7	1	7209.6080225103	-1758.92375796939
47	september	vainupea	63.5	2.65	5.604	2.158	0.385082084225553	0.6990106361	0.836068559449523	0.3760964912	0.0221491228	190	1	155	208	8.45330310162838	0.613267063521269	7.63511336759318	8.84466337231667	NA	NA	NA	NA	NA	NA	NA	NA	NA	NA	NA	NA	utt_01	29.9	6	10704.3520231533	772.853089580154
48	september	vainupea	67	2.95	6.123	1.06	0.173117752735587	0.1618965584	0.402363714069746	0.2909090909	NA	202	7	100	135	7.66574434492829	1.42701213600305	5.39359889962166	6.2667956143072	NA	NA	NA	NA	NA	NA	NA	NA	NA	NA	NA	NA	utt_03	29.7	6	9477.3728352491	508.841054769413
49	september	vainupea	52	1.35	4.016	2.01	0.500498007968127	1.7799036724	1.33413030562985	0.3018803419	0.0326029526	47	1	182	181	3.76674608505803	0.549436385671717	7.41230208678788	7.39191057061028	2.27556819389359e-07	2.20464942368261e-07	2.31504953640684e-07	6.4385445446435e-07	6.99960793748173e-07	7.26645516090478e-07	2.26508905132768e-07	6.90153588101e-07	4.63644682968232e-07	1.56722770955738e-07	4.45625226535641e-07	2.91942833411632e-07	utt_04	30.1	7	10535.4435481364	1053.43050591111
50	september	vainupea	60	2.35	5.259	2.622	0.498573873359954	1.0459551749	1.02271949961854	0.2562830688	0.0345238095	416	4	181	416	10.3253937755807	1.01248816052337	6.81081753189733	10.3253937755807	2.94893937755349e-07	2.99529423711329e-07	2.94296414264412e-07	8.1730161116714e-07	8.3870343703831e-07	9.09267428135282e-07	2.96239925243697e-07	8.55090825446911e-07	5.58850900203214e-07	1.27460451311986e-07	3.72056762174736e-07	2.44152445701187e-07	utt_04	29.5	3	9289.7312794782	-192.281762747087
51	september	vainupea	59	1.8	4.652	0.556	0.119518486672399	0.0332654938	0.182388304997881	0.2418055531	0.0116788321	184	3	16	1	6.67024900362798	0.851713953918802	1.96694912227032	0.491737280567581	2.17231641550351e-07	2.14591352751211e-07	2.1475235659613e-07	8.33992981943084e-07	8.82540761539617e-07	8.75865633219185e-07	2.15525116965897e-07	8.64133125567295e-07	6.48608008601398e-07	1.16538435122342e-07	4.54606492734731e-07	3.37836387554054e-07	utt_04	29.8	5	10245.731246064	763.718203838715
52	september	vainupea	69	3.2	5.706	0.967	0.169470732562215	4.6071554502	2.14642853368101	0.2863636364	0.0075757576	103	1	14	94	5.43097178681679	0.535129551043483	2.00227143754287	5.18827349140347	2.99935708124189e-07	2.858021177653e-07	2.64916902159835e-07	1.13213485127899e-06	1.25561455946596e-06	1.14163190851116e-06	2.83551576016441e-07	1.17646043975204e-06	8.92908863735595e-07	9.3638037233425e-08	4.10860351846129e-07	3.1823974486955e-07	utt_04	29.7	4	9822.3546904341	340.341648208814
53	september	vainupea	70.5	3.2	5.799	0.755	0.130194861182963	0.0078759238	0.0887464016171923	0.2610355907	0.0052737271	83	0	19	71	4.65467013096524	0	2.22703305393072	4.30505829689913	3.01758744533544e-07	3.33557255343443e-07	2.8695676456455e-07	1.17531934141772e-06	1.16384609521099e-06	1.31126091861578e-06	3.07424254813846e-07	1.2168087850815e-06	9.09384530267651e-07	1.0152157933006e-07	4.24951378452994e-07	3.24111802060003e-07	utt_04	29.3	2	8737.5234295918	-744.489612633486
54	september	vainupea	66	3	5.676	2.156	0.37984496124031	1.7473411436	1.32187032026595	0.3029812349	0.0209291768	228	7	153	202	8.31142115147584	1.4563202409841	6.80853353811964	7.82318409918877	3.48124582260334e-07	3.50863812402406e-07	3.5275584542546e-07	1.23553691007836e-06	1.2031399561792e-06	1.31829500558379e-06	3.50581413362733e-07	1.25232395728045e-06	9.01742543917717e-07	1.22357450691291e-07	4.57923451234658e-07	3.35361218957341e-07	utt_04	28.7	1	7313.6457874593	-2168.36725476599
55	september	vainupea	55.5	1.75	4.957	0.721	0.145450877546903	2.8871306424	1.69915586171487	0.3460207612	0.008650519	39	3	23	24	3.67352823410955	1.01885341614974	2.82107736646835	2.88175263837825	1.94627187158114e-07	1.74952491798201e-07	1.86961427587892e-07	8.00045751085047e-07	8.22093621410904e-07	7.62063014284851e-07	1.85513702181402e-07	7.94734128926934e-07	6.09220426745532e-07	1.02761991226075e-07	4.26568730540527e-07	3.23270703542273e-07	utt_04	30	6	10429.6613144132	947.648272187915
56	september	mustoja	64	3.5	6.721	2.321	0.345335515548282	2.9104895023	1.70601568055513	0.3898305085	0.0084745763	NA	NA	NA	NA	NA	NA	NA	NA	2.4411787219177e-07	2.56744251210969e-07	2.90016412525366e-07	1.04482803859519e-06	1.04871464100554e-06	1.14975491714417e-06	2.63626178642702e-07	1.08109919891497e-06	8.17473020272265e-07	8.06222740907581e-08	3.5421654749509e-07	2.74635674776436e-07	utt_06	NA	NA	NA	NA
57	september	vainupea	78	4.6	7.144	0.984	0.137737961926092	2.706785633	1.64523117919641	0.3937098448	0.0075471698	NA	NA	NA	NA	NA	NA	NA	NA	NA	NA	NA	NA	NA	NA	NA	NA	NA	NA	NA	NA	utt_05	30.3	8	13455.1211546163	635.286879709189
58	september	vainupea	76	4.35	6.878	1.135	0.165018900843268	0.0625192454	0.250038487837373	0.3554061574	0.0083472454	66	1	34	51	4.84322272752348	0.596159506675856	3.47617740508162	4.25743044892104	NA	NA	NA	NA	NA	NA	NA	NA	NA	NA	NA	NA	utt_05	30.5	9	14010.5833167073	1190.74904180019
59	september	vainupea	68	3.4	5.96	2.191	0.367617449664429	1.8459386152	1.35865323581847	0.342001325	0.0163636364	41	0	6	302	3.74460336017047	0	1.43248314126205	10.1628932962026	NA	NA	NA	NA	NA	NA	NA	NA	NA	NA	NA	NA	utt_05	30.2	6	12910.5033618117	90.6690869045888
60	september	vainupea	58	2.05	5.086	2.276	0.447502949272513	2.0256231551	1.42324388461711	0.1994890511	0.0218613139	81	5	207	236	4.0197777474756	0.998721810866269	6.42605894601816	6.86144416719979	NA	NA	NA	NA	NA	NA	NA	NA	NA	NA	NA	NA	utt_05	29.8	2	11614.9833986951	-1204.85087621201
61	september	vainupea	52	1.5	4.615	1.791	0.388082340195016	6.7569463398	2.59941269132087	0.2788461538	0.0288461538	285	2	124	155	8.91465949058067	0.746787993743874	5.88021454295674	6.57427972016707	NA	NA	NA	NA	NA	NA	NA	NA	NA	NA	NA	NA	utt_05	29.7	1	11332.1916228904	-1487.64265201671
62	september	vainupea	76	4.2	7.179	0.866	0.120629614152389	0.0595351639	0.243998286674313	0.2972972973	0.0036036036	51	4	32	207	3.89386211393008	1.0904995136175	3.08439840383826	7.84477791534598	NA	NA	NA	NA	NA	NA	NA	NA	NA	NA	NA	NA	utt_05	30.3	7	13272.4811834976	452.64690859049
63	september	vainupea	61	2.2	5.73	1.102	0.192321116928447	2.5770704893	1.60532566456156	0.3275938096	0.0090396274	21	3	42	87	2.62287437777717	0.991353331965955	3.70930451745337	5.33860107473859	NA	NA	NA	NA	NA	NA	NA	NA	NA	NA	NA	NA	utt_05	30.1	4	12552.6192945423	-267.21498036481
64	september	vainupea	63	2.4	6.043	0.476	0.0787688234320702	4.75883976433915e-05	0.00689843443423154	0.2916666667	0.0016666667	87	2	18	89	5.03736042019032	0.763762615869617	2.29128784760885	5.0949321228354	NA	NA	NA	NA	NA	NA	NA	NA	NA	NA	NA	NA	utt_05	30.1	5	12820.6611611976	0.826886290489711
65	september	mustoja	80	5	7.157	2.642	0.369149084812072	2.2870812672	1.51230991109627	0.2641700241	0.0156727829	125	3	142	122	5.7464121860949	0.890230347887557	6.12471578297312	5.67703645753663	NA	NA	NA	NA	NA	NA	NA	NA	NA	NA	NA	NA	utt_05	30.6	10	14293.3517961385	1473.51752123139
66	september	vainupea	57	1.85	4.482	2.066	0.460954930834449	4.3785250281	2.09249253955659	0.2438485245	0.0240740741	37	6	89	358	3.0037302486242	1.2095830467562	4.65859621350681	9.34332766047515	NA	NA	NA	NA	NA	NA	NA	NA	NA	NA	NA	NA	utt_05	29.9	3	11935.8464589743	-883.987815932811
67	september	vainupea	69	3.1	6.237	1.455	0.233285233285233	4.8267087821	2.19697719198448	0.2713472486	0.015654649	229	5	134	203	7.8827989908027	1.16479021415876	6.02996942881139	7.42182534595095	3.17128683496008e-07	2.85422881472304e-07	3.0655846120107e-07	1.24936862273301e-06	1.27591242736857e-06	1.30336113443489e-06	3.03036675389794e-07	1.27621406151216e-06	9.73177386122363e-07	1.02832956765993e-07	4.55888971869177e-07	3.54186258591862e-07	utt_06	30.7	11	11919.6493372368	2096.5164167039
68	september	vainupea	49	1.2	3.924	1.707	0.435015290519878	3.1786853839	1.78288681185879	0.1967741935	0.0129032258	188	0	97	118	6.08223218711683	0	4.36887820492858	4.81864657689273	2.04459347907985e-07	2.24360092625908e-07	2.00213387944269e-07	7.09458914269478e-07	7.46964738702205e-07	7.07883039293313e-07	2.09677609492721e-07	7.21435564088332e-07	5.11757954595611e-07	1.60486250314397e-07	5.065791877744e-07	3.48264070589141e-07	utt_06	29.5	3	9213.8748012927	-609.258119240199
69	september	mustoja	80	4.75	7.103	1.777	0.250175981979445	3.6278605799	1.90469435340687	0.3243975904	0.0173076923	138	1	61	66	6.69080469564013	0.569559119319496	4.44839892707477	4.62712015906222	4.91782524175839e-07	4.31851706236128e-07	4.63197533167239e-07	1.86740623466514e-06	1.97855065393316e-06	1.96403888259149e-06	4.62277254526402e-07	1.93666525706326e-06	1.47438800253686e-06	1.08819244925474e-07	5.10522660366329e-07	4.04984091969214e-07	utt_06	30.6	10	11492.5816826129	1669.44876208
70	september	vainupea	53.5	1.7	4.594	1.995	0.434262080975185	0.3071771298	0.554235626606591	0.2332891247	0.0186206897	146	14	157	351	5.83611276503462	1.80722100081866	6.05197427108708	9.0490045181611	1.37289128205117e-07	1.49623869454459e-07	1.49807900479481e-07	7.2272928157452e-07	7.66451955945169e-07	7.29581342483354e-07	1.45573632713019e-07	7.39587526667681e-07	5.94013893954662e-07	8.26662859167914e-08	4.05248545564962e-07	3.21284778136705e-07	utt_06	29.8	6	9634.0031231867	-189.129797346201
71	september	vainupea	55	1.65	4.764	1.883	0.395256087321578	1.9620192304	1.40072096807323	0.328125	0.0203125	124	1	193	237	6.37867541108654	0.57282196186948	7.9578970211985	8.81848201222864	1.6477449859699e-07	1.68811432162801e-07	1.7266405069372e-07	8.21677765850769e-07	8.05103780708907e-07	7.55381825283317e-07	1.68749993817837e-07	7.94054457280998e-07	6.25304463463161e-07	9.83106961990041e-08	4.44441445946059e-07	3.44932866244639e-07	utt_06	30	9	10117.5035348866	294.3706143537
72	september	vainupea	50	1.9	4.781	0.879	0.183852750470613	0.3402135575	0.583278284783516	0.251177394	0.0266875981	185	0	168	542	6.81673073327677	0	6.4959835430826	11.6678253135706	1.43035820076831e-07	1.24653712882905e-07	1.23245149726398e-07	8.25802568517683e-07	8.53729467412638e-07	8.01743753529373e-07	1.30311560895378e-07	8.27091929819898e-07	6.9678036892452e-07	6.72713852470427e-08	4.18685426894483e-07	3.50215910738903e-07	utt_06	29.8	7	9755.9101425016	-67.2227780313005
73	september	vainupea	67	2.9	5.857	2.235	0.381594673040806	2.4872175961	1.57709149896257	0.2470465263	0.0132310759	197	2	52	100	6.97625728317842	0.702917529017452	3.58419019690641	4.97037751383132	NA	NA	NA	NA	NA	NA	NA	NA	NA	NA	NA	NA	utt_06	29.6	4	9247.7791173245	-575.3538032084
74	september	vainupea	52	1.75	4.932	0.812	0.164639091646391	0.0914494748	0.30240614213339	0.3048387097	0.0177419355	94	2	102	160	5.35302145631792	0.78081842921386	5.57615892791803	6.9838523432272	NA	NA	NA	NA	NA	NA	NA	NA	NA	NA	NA	NA	utt_06	29.6	5	9384.0974360948	-439.0354844381
75	september	vainupea	58	1.8	4.833	1.383	0.286157666045934	2.5933967663	1.61040267209788	0.1878611111	0.0165444444	154	1	148	287	5.37871835193106	0.43342947650108	5.27289715837508	7.34276098519487	NA	NA	NA	NA	NA	NA	NA	NA	NA	NA	NA	NA	utt_06	29.8	8	9825.9294591196	2.79653858669917
76	september	vainupea	54.5	1.65	4.472	2.017	0.45102862254025	2.0386701355	1.42782006411872	0.2472456661	0.0274863139	NA	NA	NA	NA	NA	NA	NA	NA	NA	NA	NA	NA	NA	NA	NA	NA	NA	NA	NA	NA	utt_06	28.9	2	7640.0005710728	-2183.1323494601
77	september	vainupea	60	2.2	5.233	2.951	0.563921268870629	1.6055404611	1.26709923096023	0.2325581395	NA	463	0	93	129	10.3766284788702	0	4.65058135865829	5.47722557464087	NA	NA	NA	NA	NA	NA	NA	NA	NA	NA	NA	NA	utt_08	28.8	1	8330.1229349378	-2317.81386184814
78	september	vainupea	63	2.45	5.688	1.256	0.220815752461322	0.0074796092	0.0864847339129861	0.3548346974	0.0284721013	69	11	141	230	4.9480899466966	1.97564715255533	7.07330844325341	9.03393493456755	NA	NA	NA	NA	NA	NA	NA	NA	NA	NA	NA	NA	utt_07	29.5	1	8926.1672637939	-1791.99172888943
79	september	vainupea	55	1.7	4.833	1.367	0.282847092902959	5.7210425577	2.3918700963263	0.1786987737	0.0155334288	440	1	216	104	8.86721266396606	0.422727777298819	6.21280412689793	4.31099437076877	NA	NA	NA	NA	NA	NA	NA	NA	NA	NA	NA	NA	utt_07	30.1	5	10598.7414632658	-119.417529417529
80	september	vainupea	56	1.85	5.012	1.906	0.380287310454908	2.935924139	1.71345386252446	0.2625845671	0.0210755956	303	4	149	184	8.91981635636631	1.02486012138243	6.25500603500109	6.95093952976143	NA	NA	NA	NA	NA	NA	NA	NA	NA	NA	NA	NA	utt_07	30.2	6	11003.6427120601	285.483719376771
81	september	vainupea	53	1.25	4.291	1.637	0.381496154742484	1.0626090009	1.03082927825125	0.1724137931	0.0595611285	320	2	199	368	7.4278135270078	0.587220219508831	5.85750329294828	7.9654426029443	NA	NA	NA	NA	NA	NA	NA	NA	NA	NA	NA	NA	utt_07	29.9	3	10026.1972105105	-691.96178217283
82	september	vainupea	54	1.45	4.654	1.558	0.334765792866352	9.7147188007	3.11684436581296	0.1721311475	0.0196721311	331	2	253	425	7.54820573530558	0.586738693968618	6.59918027617825	8.55311274843843	NA	NA	NA	NA	NA	NA	NA	NA	NA	NA	NA	NA	utt_07	29.8	2	9896.176771962	-821.982220721329
83	september	vainupea	53	1.75	4.732	1.894	0.400253592561285	0.6817621293	0.825688881661852	0.2529780564	0.0217084639	160	12	122	122	6.36211356578928	1.74233655669621	5.55547683649208	5.55547683649208	NA	NA	NA	NA	NA	NA	NA	NA	NA	NA	NA	NA	utt_07	30.5	9	11646.9737785612	928.81478587787
84	september	vainupea	55	1.45	4.683	1.717	0.366645312833654	4.8836504664	2.20989829322528	0.149956718	0.0182588264	436	3	258	161	8.08585982119403	0.670723604773233	6.2200348265906	4.91355590158492	NA	NA	NA	NA	NA	NA	NA	NA	NA	NA	NA	NA	utt_07	30.3	7	11369.2735459072	651.11455322387
85	september	vainupea	57	1.75	5.342	0.567	0.106140022463497	1.2924031386	1.13683909969705	0.2336065574	NA	199	1	189	25	6.8181892700775	0.483328622574745	6.64466999546253	2.41664311287372	NA	NA	NA	NA	NA	NA	NA	NA	NA	NA	NA	NA	utt_07	30.4	8	11415.3509886527	697.191995969371
86	september	vainupea	56	1.75	5.435	0.836	0.153817847286109	1.5970240783	1.26373418023728	0.2682926829	0.006504065	129	1	47	145	5.88300570236848	0.517969770256914	3.55102183833048	6.23718197750394	NA	NA	NA	NA	NA	NA	NA	NA	NA	NA	NA	NA	utt_07	30.5	10	11833.7496030767	1115.59061039337
87	september	vainupea	48	1.1	3.92	1.759	0.448724489795918	5.970907611	2.44354406774259	NA	NA	NA	NA	NA	NA	NA	NA	NA	NA	NA	NA	NA	NA	NA	NA	NA	NA	NA	NA	NA	NA	utt_07	30	4	10465.3165890432	-252.84240364013
88	september	vainupea	63.5	2.4	5.242	2.988	0.570011446012972	5.3812863601	2.31975997898489	0.2022713507	0.0093397941	119	1	49	267	4.90614825838967	0.449745873466339	3.14822111426437	7.34890812549048	NA	NA	NA	NA	NA	NA	NA	NA	NA	NA	NA	NA	utt_08	29	2	8872.9472259303	-1774.98957085564
89	september	vainupea	61.5	2.6	5.689	2.525	0.443838987519775	1.8175906905	1.34818051109634	0.2912172573	0.0138674884	67	1	22	291	4.41718872577344	0.539645492244677	2.53116172154211	9.20566248970165	NA	NA	NA	NA	NA	NA	NA	NA	NA	NA	NA	NA	utt_08	30.2	10	11480.0338435656	832.097046779663
90	september	vainupea	60	2.05	5.322	1.647	0.309470124013529	1.286028036	1.13403176145997	0.2833694084	0.0108946609	133	1	25	106	6.1390659971367	0.532324532968376	2.66162266484188	5.48061650641604	NA	NA	NA	NA	NA	NA	NA	NA	NA	NA	NA	NA	utt_08	30.1	7	11185.7654205379	537.828623751964
91	september	vainupea	54.5	1.55	4.695	1.616	0.34419595314164	5.2851853175	2.29895309162671	0.1686318368	0.0073028173	177	4	73	212	5.46331722615482	0.821296138551741	3.50857864190045	5.97912614029843	NA	NA	NA	NA	NA	NA	NA	NA	NA	NA	NA	NA	utt_08	30.2	8	11301.2046663553	653.267869569363
92	september	vainupea	65	2.65	5.55	2.227	0.401261261261261	4.9081139073	2.21542634887734	0.2227716485	0.0156696429	151	5	43	128	5.79987231958601	1.05539482777774	3.09502518333858	5.33992237846207	NA	NA	NA	NA	NA	NA	NA	NA	NA	NA	NA	NA	utt_08	29.7	3	10386.7814186418	-261.155378144136
93	september	vainupea	57	1.7	5.096	0.96	0.188383045525903	0.0836303482	0.289189121856269	0.267656998	0.015756125	109	1	66	251	5.40135286590313	0.517355775071662	4.20301818554238	8.19645694785253	NA	NA	NA	NA	NA	NA	NA	NA	NA	NA	NA	NA	utt_08	30	6	10991.8520895457	343.915292759764
94	september	vainupea	57.5	1.8	4.893	2.004	0.409564684242796	2.7438427527	1.65645487493623	0.2272727273	0.0212121212	125	3	60	369	5.33001790921006	0.825722823894314	3.69274472960155	9.15770912257536	NA	NA	NA	NA	NA	NA	NA	NA	NA	NA	NA	NA	utt_08	29.8	4	10514.9087080393	-133.028088746636
95	september	vainupea	48	1.2	4.405	1.323	0.300340522133939	1.2011538801	1.09597166026317	0.296875	0.0171875	169	5	80	322	7.08321078325359	1.21834929310112	4.87339717240448	9.77720563351308	NA	NA	NA	NA	NA	NA	NA	NA	NA	NA	NA	NA	utt_08	30.3	11	11751.0659423679	1103.12914558196
96	september	vainupea	62	2.9	5.624	2.658	0.472617354196302	3.20260574	1.78958256026371	0.2008194205	0.0144988345	110	2	63	465	4.70001449519041	0.633749825246524	3.55691207250053	9.66338608007048	NA	NA	NA	NA	NA	NA	NA	NA	NA	NA	NA	NA	utt_08	30	5	10904.2994623528	256.362665566863
97	september	vainupea	47	1.1	4.084	1.76	0.430950048971596	6.059781608	2.46166236677575	0.0883512025	0.0110113011	225	5	47	369	4.45858952612819	0.664647284279414	2.03776998640671	5.70978053190313	NA	NA	NA	NA	NA	NA	NA	NA	NA	NA	NA	NA	utt_08	30.2	9	11408.3230523709	760.386255584965
98	september	vainupea	63.6	2.5	5.516	2.401	0.435279187817259	1.4372257718	1.19884351430869	0.2689776358	0.0156795281	363	9	27	198	9.88123887958388	1.55589161646948	2.6948833307956	7.29777855846558	NA	NA	NA	NA	NA	NA	NA	NA	NA	NA	NA	NA	utt_09	30.4	7	10935.1024759587	213.043833466227
99	september	vainupea	51	1.2	4.197	1.476	0.351679771265189	3.7444813468	1.93506623834948	0.2225755167	0.0476947536	179	9	75	431	6.31197413566469	1.41533729206151	4.08572683282914	9.79438858212701	1.4479289987975e-07	1.470157577984e-07	1.24028893269758e-07	5.41423211342489e-07	5.37239634514016e-07	4.75381300085228e-07	1.38612516982636e-07	5.18014715313911e-07	3.79402198331275e-07	1.06093364718354e-07	3.63740695359979e-07	2.58192672521776e-07	utt_09	29.9	2	9905.4603647058	-816.598277786674
100	september	vainupea	48	1.15	3.946	1.9	0.481500253421186	2.4736946256	1.57279834231856	0.1860465116	NA	220	1	32	2	6.39767399544553	0.431331092781404	2.43997712513868	0.609994281284669	NA	NA	NA	NA	NA	NA	NA	NA	NA	NA	NA	NA	utt_09	30.5	10	11422.3553099345	700.296667442028
101	september	vainupea	46	1	3.771	2	0.530363298859719	6.0721511657	2.46417352589058	0.1796875	0.028125	NA	NA	NA	NA	NA	NA	NA	NA	NA	NA	NA	NA	NA	NA	NA	NA	NA	NA	NA	NA	utt_09	30.2	4	10568.2304786436	-153.828163848873
102	september	vainupea	55	1.75	4.651	2.298	0.494087293055257	4.4777723705	2.1160747554139	0.2653235653	0.0218559219	NA	NA	NA	NA	NA	NA	NA	NA	1.87858071480454e-07	1.5859989412967e-07	NA	6.94927021816578e-07	5.91494087344754e-07	6.62833131616008e-07	1.73228982805062e-07	6.49751413592447e-07	4.76522430787385e-07	9.59570910493115e-08	3.48750136145877e-07	2.52857151026973e-07	utt_09	30.1	3	10432.9379835332	-289.120658959273
103	september	vainupea	58	1.9	5.192	1.828	0.352080123266564	0.8854988601	0.94100948990964	0.3389578164	0.0157568238	NA	NA	NA	NA	NA	NA	NA	NA	2.35653331337313e-07	2.18027391529309e-07	2.32365486440857e-07	1.01986854319258e-06	1.06166643430703e-06	1.00736132808218e-06	2.2868206976916e-07	1.0296321018606e-06	8.00950032091437e-07	1.18053682335087e-07	5.2121407617366e-07	4.02573691015744e-07	utt_09	30.5	9	11309.0087993386	586.950156846127
104	september	vainupea	48	1.15	4.139	1.666	0.402512684223242	8.4667731319	2.90977200685896	0.1867176249	0.0157665891	NA	NA	NA	NA	NA	NA	NA	NA	9.92277783227417e-08	1.04091544847732e-07	9.69114381813463e-08	5.73186543719204e-07	4.86182105303611e-07	5.15943923188596e-07	1.00076920450607e-07	5.25104190737137e-07	4.2502727028653e-07	7.94438775572587e-08	3.80064527300733e-07	2.97474256513035e-07	utt_09	30.6	11	11498.2328369163	776.174194423827
105	september	vainupea	48	1.05	3.74	1.981	0.529679144385027	6.6169888546	2.57235084205091	0.1177218979	0.0170034426	NA	NA	NA	NA	NA	NA	NA	NA	9.3635636106304e-08	7.88325073750744e-08	8.88935196459125e-08	4.6288851299618e-07	4.47545945922259e-07	4.32856254042972e-07	8.71205543757636e-08	4.47763570987137e-07	3.60643016611373e-07	7.4766475623082e-08	3.45775879218823e-07	2.68017565028865e-07	utt_09	29.5	1	9063.0739978423	-1658.98464465017
106	september	vainupea	53	1.45	4.728	1.935	0.409263959390863	2.5061244022	1.58307435144405	0.234375	NA	NA	NA	NA	NA	NA	NA	NA	NA	1.11355125883637e-07	1.02642905727343e-07	1.07615850655903e-07	6.92663657636297e-07	7.33169591136507e-07	7.44838072693056e-07	1.07204627422294e-07	7.23557107155287e-07	6.16352479732992e-07	6.97691226023073e-08	4.44014663830609e-07	3.70234394061429e-07	utt_09	30.3	5	10750.6562834838	28.5976409913274
107	september	vainupea	57	1.9	4.943	2.01	0.406635646368602	2.0580420706	1.43458777026712	0.2858737245	NA	NA	NA	NA	NA	NA	NA	NA	NA	2.39860019795914e-07	2.10869379878873e-07	2.31570323767266e-07	8.56470941159017e-07	9.04120537029491e-07	8.75505057728059e-07	2.27433241147351e-07	8.78698845305522e-07	6.51265604158171e-07	1.17408993324012e-07	4.44809564565021e-07	3.27339269108891e-07	utt_09	30.3	6	10842.6489606704	120.590318177927
108	september	vainupea	69	3.1	6.462	0.681	0.105385329619313	0.0140865432	0.118686743994433	0.3138611369	0.0105263158	288	10	17	56	9.50747113733195	1.77161264643262	2.3099002851422	4.19240070441746	NA	NA	NA	NA	NA	NA	NA	NA	NA	NA	NA	NA	utt_09	30.5	8	11214.93757639	492.878933897528
